binCenter,unlike,like,residual
2.0200,6581.946,6702.962,-121.016
2.0600,6787.632,6782.370,5.262
2.1000,7096.160,6943.575,152.586
2.1400,7301.846,7054.552,247.294
2.1800,7438.970,7233.769,205.202
2.2200,7644.656,7402.623,242.033
2.2600,7918.904,7682.133,236.771
2.3000,8056.028,7813.995,242.033
2.3400,8193.151,8256.290,-63.139
2.3800,8467.399,8314.813,152.586
2.4200,8570.242,8486.057,84.185
2.4600,8741.647,8657.462,84.185
2.5000,8775.928,8675.958,99.970
2.5400,8981.614,8813.243,168.371
2.5800,8981.614,8818.505,163.109
2.6200,8981.614,8818.505,163.109
2.6600,8981.614,8686.965,294.649
2.7000,9050.176,8766.050,284.125
2.7400,9050.176,9144.884,-94.708
2.7800,8741.647,8778.478,-36.831
2.8200,8741.647,8510.137,231.510
2.8600,8604.523,8415.106,189.417
2.9000,8398.837,7993.696,405.142
2.9400,8193.151,7877.457,315.695
2.9800,7987.466,7613.893,373.572
3.0200,7816.061,7379.350,436.711
3.0600,7781.780,6997.804,783.975
3.1000,7816.061,6548.020,1268.041
3.1400,6650.508,6518.968,131.540
3.1800,6239.136,6091.812,147.324
3.2200,5827.765,5811.980,15.785
3.2600,5622.079,5548.417,73.662
3.3000,5244.988,5145.018,99.970
3.3400,5039.302,4939.332,99.970
3.3800,4799.336,4862.475,-63.139
3.4200,4387.964,4430.057,-42.093
3.4600,4216.559,4206.036,10.523
3.5000,3873.749,3868.488,5.262
3.5400,3565.221,3644.144,-78.924
3.5800,3359.535,3364.796,-5.262
3.6200,3153.849,3017.048,136.801
3.6600,0.000,0.000,0.000
3.7000,0.000,0.000,0.000
